Albanien,121,5.788,3.577,2.211,9.548,-,11,33,89,6.036,3.379,391,173,-,10,33,79,5.795,955,-,1,-,10,241,2.191,233
Bosnien und Herzegowina,122,1.309,665,644,2.159,-,1,5,24,1.124,1.005,82,31,-,1,4,15,988,194,-,-,1,9,136,698,113
Belgien,124,-,-,-,1,-,-,-,-,-,1,2,-,-,-,-,-,-,1,-,-,-,-,-,-,-
Bulgarien,125,5,5,-,24,-,-,-,-,20,4,3,-,-,-,-,-,20,2,-,-,-,-,-,-,2
Dänemark u. Färöer,126,1,1,-,1,-,-,-,-,1,-,-,-,-,-,-,-,1,-,-,-,-,-,-,-,-
Estland,127,-,-,-,2,-,-,-,-,1,1,-,-,-,-,-,-,1,1,-,-,-,-,-,-,-
Frankreich,129,1,1,-,6,-,1,-,-,3,2,-,-,-,1,-,-,3,2,-,-,-,-,-,-,-
Kroatien,130,6,6,-,21,-,-,-,-,16,5,1,1,-,-,-,-,15,1,-,-,-,-,1,-,4
Slowenien,131,-,-,-,1,-,-,-,-,-,1,1,-,-,-,-,-,-,-,-,-,-,-,-,1,-
Griechenland,134,4,4,-,18,-,1,-,-,4,13,2,-,-,1,-,-,4,12,-,-,-,-,-,1,-
Irland,135,1,1,-,1,-,-,-,-,1,-,-,-,-,-,-,-,1,-,-,-,-,-,-,-,-
Italien,137,5,5,-,19,-,-,-,1,12,6,19,-,-,-,-,1,12,6,-,-,-,-,-,-,-
Lettland,139,2,2,-,8,-,-,-,-,6,2,5,-,-,-,-,-,5,2,-,-,-,-,1,-,-
Montenegro,140,663,322,341,979,-,2,4,3,555,415,22,24,-,2,1,1,513,77,-,-,3,2,42,318,20
Litauen,142,3,2,1,4,-,-,-,-,2,2,-,-,-,-,-,-,2,1,-,-,-,-,-,1,-
Mazedonien,144,4.443,2.317,2.126,6.705,-,6,12,32,3.773,2.882,247,175,-,6,11,20,3.224,498,-,-,1,12,549,2.053,331
Moldau (Republik),146,919,786,133,1.264,3,12,6,6,981,256,80,4,3,12,5,5,958,160,-,-,1,1,23,87,9
Niederlande,148,4,4,-,9,-,2,-,-,4,3,5,-,-,2,-,-,3,3,-,-,-,-,1,-,-
Norwegen,149,1,1,-,-,-,-,-,-,-,-,1,-,-,-,-,-,-,-,-,-,-,-,-,-,-
Kosovo,150,2.276,1.242,1.034,4.831,-,-,13,100,2.946,1.772,200,77,-,-,9,77,2.638,517,-,-,4,23,308,1.114,141
Österreich,151,-,-,-,1,-,-,-,-,-,1,1,-,-,-,-,-,-,1,-,-,-,-,-,-,-
Polen,152,7,3,4,23,-,-,-,-,17,6,1,-,-,-,-,-,17,2,-,-,-,-,-,4,-
Portugal,153,3,3,-,7,-,1,-,-,1,5,1,-,-,1,-,-,1,5,-,-,-,-,-,-,-
Rumänien,154,4,4,-,34,-,1,1,-,16,16,2,-,-,1,1,-,16,13,-,-,-,-,-,-,3
Slowakische Republik,155,1,1,-,2,-,-,-,-,-,2,1,-,-,-,-,-,-,2,-,-,-,-,-,-,-
Schweden,157,2,1,1,2,-,-,-,-,1,1,-,-,-,-,-,-,-,1,-,-,-,-,1,-,-
Schweiz,158,1,1,-,1,-,-,-,-,1,-,-,-,-,-,-,-,1,-,-,-,-,-,-,-,-
Russische Föderation,160,5.920,4.627,1.293,16.548,171,572,413,354,9.290,5.748,1.724,419,171,502,348,269,8.573,3.815,-,70,65,85,717,597,1.336
Spanien,161,4,4,-,34,-,-,1,-,14,19,16,-,-,-,1,-,14,19,-,-,-,-,-,-,-
Türkei,163,7.952,7.522,430,11.712,898,2.034,134,98,6.596,1.952,3.586,243,895,2.006,127,87,6.236,1.559,3,28,7,11,360,238,155
Tschechische Republik,164,-,-,-,8,-,-,-,-,1,7,-,-,-,-,-,-,1,1,-,-,-,-,-,5,1
Ungarn,165,2,1,1,6,-,1,-,-,3,2,4,2,-,1,-,-,2,1,-,-,-,-,1,-,1
Ukraine,166,1.216,999,217,5.644,5,106,54,134,4.050,1.295,489,32,5,104,54,129,3.958,1.031,-,2,-,5,92,114,150
Großbritannien mit Nordirland,168,4,4,-,11,-,-,-,-,8,3,2,-,-,-,-,-,8,3,-,-,-,-,-,-,-
Weißrussland,169,338,283,55,731,-,19,9,4,311,388,35,14,-,19,9,4,304,316,-,-,-,-,7,23,49
Serbien,170,4.585,2.211,2.374,7.554,-,7,8,36,3.951,3.552,308,252,-,7,7,27,3.390,587,-,-,1,9,561,2.635,330
Britisch abh.Geb.Europa,195,-,-,-,1,-,-,-,-,1,-,-,-,-,-,-,-,1,-,-,-,-,-,-,-,-
sonst. europ. Staatsangeh.,199,1,1,-,4,-,-,-,-,2,2,1,1,-,-,-,-,2,1,-,-,-,-,-,1,-
Europa,"",35.471,24.606,10.865,67.924,1.077,2.777,693,881,39.748,22.748,7.232,1.448,1.074,2.676,610,714,36.707,9.789,3,101,83,167,3.041,10.081,2.878
Algerien,221,2.179,1.809,370,3.591,1,31,42,43,1.750,1.724,450,85,1,30,42,39,1.661,1.349,-,1,-,4,89,258,117
Angola,223,226,222,4,389,1,24,8,95,121,140,79,4,1,24,8,94,121,134,-,-,-,1,-,3,3
Eritrea,224,9.723,9.394,329,20.955,571,9.050,6.983,690,418,3.243,1.988,93,570,8.992,6.950,569,415,2.954,1,58,33,121,3,65,224
Äthiopien,225,1.712,1.538,174,8.597,15,1.010,184,624,5.630,1.134,618,39,15,996,184,600,5.590,906,-,14,-,24,40,112,116
Botsuana,227,1,1,-,4,-,2,-,1,1,-,1,-,-,2,-,1,1,-,-,-,-,-,-,-,-
Benin,229,172,160,12,607,-,7,4,20,458,118,57,2,-,7,4,20,449,97,-,-,-,-,9,12,9
Dschibuti,230,12,9,3,36,2,11,-,2,8,13,2,-,2,11,-,2,8,9,-,-,-,-,-,-,4
Elfenbeinküste (Cote d Ivoire),231,1.294,1.261,33,2.501,2,71,22,114,1.105,1.187,408,27,2,71,22,112,1.093,1.151,-,-,-,2,12,13,23
Nigeria,232,7.523,7.122,401,22.110,36,1.401,247,1.995,12.136,6.295,4.331,333,36,1.377,245,1.891,12.017,5.716,-,24,2,104,119,177,402
Simbabwe,233,176,174,2,344,61,36,8,5,191,43,42,2,61,36,8,5,191,41,-,-,-,-,-,-,2
Gabun,236,20,20,-,28,-,1,-,-,20,7,18,-,-,1,-,-,19,7,-,-,-,-,1,-,-
Gambia,237,2.562,2.444,118,8.965,5,196,40,156,5.460,3.108,2.714,174,5,196,40,149,5.387,2.872,-,-,-,7,73,71,165
Ghana,238,1.064,975,89,3.453,-,35,16,123,2.476,803,310,35,-,35,16,117,2.441,723,-,-,-,6,35,55,25
Mauretanien,239,60,52,8,151,-,16,2,1,85,47,28,2,-,15,2,1,82,36,-,1,-,-,3,2,9
Cabo Verde,242,-,-,-,1,-,-,-,-,-,1,1,-,-,-,-,-,-,1,-,-,-,-,-,-,-
Kenia,243,239,228,11,377,1,7,1,5,268,95,72,1,1,7,1,5,264,78,-,-,-,-,4,11,6
Komoren,244,1,1,-,9,-,-,-,-,7,2,11,-,-,-,-,-,7,2,-,-,-,-,-,-,-
Kongo,245,56,51,5,162,4,18,9,9,68,54,24,1,4,17,9,9,67,46,-,1,-,-,1,6,2
"Kongo, Dem. Republik",246,371,339,32,983,29,125,37,140,443,209,124,17,29,125,37,123,422,154,-,-,-,17,21,27,28
Türkei,163,7.952,7.522,430,11.712,898,2.034,134,98,6.596,1.952,3.586,243,895,2.006,127,87,6.236,1.559,3,28,7,11,360,238,155
Tschechische Republik,164,-,-,-,8,-,-,-,-,1,7,-,-,-,-,-,-,1,1,-,-,-,-,-,5,1
Ungarn,165,2,1,1,6,-,1,-,-,3,2,4,2,-,1,-,-,2,1,-,-,-,-,1,-,1
Ukraine,166,1.216,999,217,5.644,5,106,54,134,4.050,1.295,489,32,5,104,54,129,3.958,1.031,-,2,-,5,92,114,150
Großbritannien mit Nordirland,168,4,4,-,11,-,-,-,-,8,3,2,-,-,-,-,-,8,3,-,-,-,-,-,-,-
Weißrussland,169,338,283,55,731,-,19,9,4,311,388,35,14,-,19,9,4,304,316,-,-,-,-,7,23,49
Serbien,170,4.585,2.211,2.374,7.554,-,7,8,36,3.951,3.552,308,252,-,7,7,27,3.390,587,-,-,1,9,561,2.635,330
Britisch abh.Geb.Europa,195,-,-,-,1,-,-,-,-,1,-,-,-,-,-,-,-,1,-,-,-,-,-,-,-,-
sonst. europ. Staatsangeh.,199,1,1,-,4,-,-,-,-,2,2,1,1,-,-,-,-,2,1,-,-,-,-,-,1,-
Europa,"",35.471,24.606,10.865,67.924,1.077,2.777,693,881,39.748,22.748,7.232,1.448,1.074,2.676,610,714,36.707,9.789,3,101,83,167,3.041,10.081,2.878
Algerien,221,2.179,1.809,370,3.591,1,31,42,43,1.750,1.724,450,85,1,30,42,39,1.661,1.349,-,1,-,4,89,258,117
Angola,223,226,222,4,389,1,24,8,95,121,140,79,4,1,24,8,94,121,134,-,-,-,1,-,3,3
Eritrea,224,9.723,9.394,329,20.955,571,9.050,6.983,690,418,3.243,1.988,93,570,8.992,6.950,569,415,2.954,1,58,33,121,3,65,224
Äthiopien,225,1.712,1.538,174,8.597,15,1.010,184,624,5.630,1.134,618,39,15,996,184,600,5.590,906,-,14,-,24,40,112,116
Botsuana,227,1,1,-,4,-,2,-,1,1,-,1,-,-,2,-,1,1,-,-,-,-,-,-,-,-
Benin,229,172,160,12,607,-,7,4,20,458,118,57,2,-,7,4,20,449,97,-,-,-,-,9,12,9
Dschibuti,230,12,9,3,36,2,11,-,2,8,13,2,-,2,11,-,2,8,9,-,-,-,-,-,-,4
Elfenbeinküste (Cote d Ivoire),231,1.294,1.261,33,2.501,2,71,22,114,1.105,1.187,408,27,2,71,22,112,1.093,1.151,-,-,-,2,12,13,23
Nigeria,232,7.523,7.122,401,22.110,36,1.401,247,1.995,12.136,6.295,4.331,333,36,1.377,245,1.891,12.017,5.716,-,24,2,104,119,177,402
Simbabwe,233,176,174,2,344,61,36,8,5,191,43,42,2,61,36,8,5,191,41,-,-,-,-,-,-,2
Gabun,236,20,20,-,28,-,1,-,-,20,7,18,-,-,1,-,-,19,7,-,-,-,-,1,-,-
Gambia,237,2.562,2.444,118,8.965,5,196,40,156,5.460,3.108,2.714,174,5,196,40,149,5.387,2.872,-,-,-,7,73,71,165
Ghana,238,1.064,975,89,3.453,-,35,16,123,2.476,803,310,35,-,35,16,117,2.441,723,-,-,-,6,35,55,25
Mauretanien,239,60,52,8,151,-,16,2,1,85,47,28,2,-,15,2,1,82,36,-,1,-,-,3,2,9
Cabo Verde,242,-,-,-,1,-,-,-,-,-,1,1,-,-,-,-,-,-,1,-,-,-,-,-,-,-
Kenia,243,239,228,11,377,1,7,1,5,268,95,72,1,1,7,1,5,264,78,-,-,-,-,4,11,6
Komoren,244,1,1,-,9,-,-,-,-,7,2,11,-,-,-,-,-,7,2,-,-,-,-,-,-,-
Kongo,245,56,51,5,162,4,18,9,9,68,54,24,1,4,17,9,9,67,46,-,1,-,-,1,6,2
"Kongo, Dem. Republik",246,371,339,32,983,29,125,37,140,443,209,124,17,29,125,37,123,422,154,-,-,-,17,21,27,28
Liberia,247,189,182,7,237,-,11,1,6,83,136,125,8,-,11,1,6,80,130,-,-,-,-,3,-,6
Libyen,248,1.169,1.096,73,1.813,51,265,155,118,518,706,442,32,48,244,154,108,506,643,3,21,1,10,12,24,39
Madagaskar,249,6,3,3,6,-,-,-,-,3,3,-,-,-,-,-,-,3,-,-,-,-,-,-,-,3
Mali,251,567,522,45,1.835,1,52,15,61,997,709,173,14,1,51,15,59,981,637,-,1,-,2,16,20,52
Marokko,252,2.208,1.819,389,3.697,2,82,62,70,1.905,1.576,389,67,2,78,62,62,1.832,1.212,-,4,-,8,73,271,93
Mauritius,253,2,2,-,5,-,-,-,-,3,2,1,-,-,-,-,-,3,1,-,-,-,-,-,-,1
Mosambik,254,12,12,-,7,-,-,-,1,2,4,15,-,-,-,-,1,2,4,-,-,-,-,-,-,-
Niger,255,139,118,21,299,-,4,1,4,174,116,31,3,-,4,1,3,166,97,-,-,-,1,8,4,15
Malawi,256,5,3,2,3,-,-,-,1,2,-,2,1,-,-,-,-,2,-,-,-,-,1,-,-,-
Sambia,257,6,6,-,7,-,-,-,-,6,1,8,-,-,-,-,-,6,1,-,-,-,-,-,-,-
Burkina-Faso,258,198,184,14,489,2,6,6,13,317,145,50,3,2,6,6,13,311,125,-,-,-,-,6,8,12
Guinea-Bissau,259,246,216,30,630,-,3,3,38,322,264,67,5,-,3,3,34,314,215,-,-,-,4,8,22,27
Guinea,261,3.856,3.736,120,7.221,23,538,166,428,3.099,2.967,1.197,65,23,529,165,407,3.050,2.726,-,9,1,21,49,83,158
Kamerun,262,1.051,1.022,29,2.658,2,59,35,86,1.586,890,677,28,2,58,35,85,1.564,811,-,1,-,1,22,29,50
Südafrika,263,4,4,-,22,-,-,-,-,18,4,4,-,-,-,-,-,18,4,-,-,-,-,-,-,-
Ruanda,265,45,44,1,47,6,8,-,3,21,9,104,-,6,7,-,3,21,6,-,1,-,-,-,2,1
Namibia,267,3,2,1,2,-,-,-,-,1,1,1,-,-,-,-,-,1,-,-,-,-,-,-,1,-
"Sa  Tome  und Principe7",268,-,-,-,1,-,-,-,-,-,1,-,-,-,-,-,-,-,-,-,-,-,-,-,-,1
Senegal,269,356,261,95,1.571,1,32,4,41,960,533,109,22,1,32,4,38,917,385,-,-,-,3,43,95,53
Sierra Leone,272,855,819,36,1.873,1,142,16,166,939,609,229,24,1,142,16,162,914,542,-,-,-,4,25,26,41
Somalia,273,7.033,6.357,676,17.887,18,4.664,4.191,2.080,2.226,4.708,3.136,300,18,4.586,4.134,1.850,2.173,3.966,-,78,57,230,53,194,548
Äquatorialguinea,274,6,6,-,21,-,5,1,2,7,6,2,-,-,5,1,2,6,4,-,-,-,-,1,1,1
Sudan (ohne Südsudan),277,1.529,1.388,141,3.326,26,590,508,63,700,1.439,881,84,26,585,501,55,686,1.294,-,5,7,8,14,30,115
Südsudan,278,59,58,1,100,7,9,10,3,19,52,55,6,7,9,10,3,18,49,-,-,-,-,1,1,2
Tansania,282,73,69,4,173,-,23,1,16,70,63,30,7,-,23,1,11,70,38,-,-,-,5,-,5,20
Togo,283,332,318,14,742,1,23,2,30,432,254,342,26,1,23,2,26,426,235,-,-,-,4,6,8,11
Tschad,284,138,117,21,288,-,13,-,14,119,142,35,7,-,13,-,9,115,110,-,-,-,5,4,14,18
Tunesien,285,499,389,110,992,1,11,16,4,494,466,144,17,1,10,15,4,471,317,-,1,1,-,23,87,62
Uganda,286,107,97,10,318,9,33,1,10,216,49,45,8,9,31,1,9,212,37,-,2,-,1,4,5,7
Liberia,247,189,182,7,237,-,11,1,6,83,136,125,8,-,11,1,6,80,130,-,-,-,-,3,-,6
Libyen,248,1.169,1.096,73,1.813,51,265,155,118,518,706,442,32,48,244,154,108,506,643,3,21,1,10,12,24,39
Madagaskar,249,6,3,3,6,-,-,-,-,3,3,-,-,-,-,-,-,3,-,-,-,-,-,-,-,3
Mali,251,567,522,45,1.835,1,52,15,61,997,709,173,14,1,51,15,59,981,637,-,1,-,2,16,20,52
Marokko,252,2.208,1.819,389,3.697,2,82,62,70,1.905,1.576,389,67,2,78,62,62,1.832,1.212,-,4,-,8,73,271,93
Mauritius,253,2,2,-,5,-,-,-,-,3,2,1,-,-,-,-,-,3,1,-,-,-,-,-,-,1
Mosambik,254,12,12,-,7,-,-,-,1,2,4,15,-,-,-,-,1,2,4,-,-,-,-,-,-,-
Niger,255,139,118,21,299,-,4,1,4,174,116,31,3,-,4,1,3,166,97,-,-,-,1,8,4,15
Malawi,256,5,3,2,3,-,-,-,1,2,-,2,1,-,-,-,-,2,-,-,-,-,1,-,-,-
Sambia,257,6,6,-,7,-,-,-,-,6,1,8,-,-,-,-,-,6,1,-,-,-,-,-,-,-
Burkina-Faso,258,198,184,14,489,2,6,6,13,317,145,50,3,2,6,6,13,311,125,-,-,-,-,6,8,12
Guinea-Bissau,259,246,216,30,630,-,3,3,38,322,264,67,5,-,3,3,34,314,215,-,-,-,4,8,22,27
Guinea,261,3.856,3.736,120,7.221,23,538,166,428,3.099,2.967,1.197,65,23,529,165,407,3.050,2.726,-,9,1,21,49,83,158
Kamerun,262,1.051,1.022,29,2.658,2,59,35,86,1.586,890,677,28,2,58,35,85,1.564,811,-,1,-,1,22,29,50
Südafrika,263,4,4,-,22,-,-,-,-,18,4,4,-,-,-,-,-,18,4,-,-,-,-,-,-,-
Ruanda,265,45,44,1,47,6,8,-,3,21,9,104,-,6,7,-,3,21,6,-,1,-,-,-,2,1
Namibia,267,3,2,1,2,-,-,-,-,1,1,1,-,-,-,-,-,1,-,-,-,-,-,-,1,-
"Sa  Tome  und Principe7",268,-,-,-,1,-,-,-,-,-,1,-,-,-,-,-,-,-,-,-,-,-,-,-,-,1
Senegal,269,356,261,95,1.571,1,32,4,41,960,533,109,22,1,32,4,38,917,385,-,-,-,3,43,95,53
Sierra Leone,272,855,819,36,1.873,1,142,16,166,939,609,229,24,1,142,16,162,914,542,-,-,-,4,25,26,41
Somalia,273,7.033,6.357,676,17.887,18,4.664,4.191,2.080,2.226,4.708,3.136,300,18,4.586,4.134,1.850,2.173,3.966,-,78,57,230,53,194,548
Äquatorialguinea,274,6,6,-,21,-,5,1,2,7,6,2,-,-,5,1,2,6,4,-,-,-,-,1,1,1
Sudan (ohne Südsudan),277,1.529,1.388,141,3.326,26,590,508,63,700,1.439,881,84,26,585,501,55,686,1.294,-,5,7,8,14,30,115
Südsudan,278,59,58,1,100,7,9,10,3,19,52,55,6,7,9,10,3,18,49,-,-,-,-,1,1,2
Tansania,282,73,69,4,173,-,23,1,16,70,63,30,7,-,23,1,11,70,38,-,-,-,5,-,5,20
Togo,283,332,318,14,742,1,23,2,30,432,254,342,26,1,23,2,26,426,235,-,-,-,4,6,8,11
Tschad,284,138,117,21,288,-,13,-,14,119,142,35,7,-,13,-,9,115,110,-,-,-,5,4,14,18
Tunesien,285,499,389,110,992,1,11,16,4,494,466,144,17,1,10,15,4,471,317,-,1,1,-,23,87,62
Uganda,286,107,97,10,318,9,33,1,10,216,49,45,8,9,31,1,9,212,37,-,2,-,1,4,5,7
Ägypten,287,1.015,907,108,2.723,54,294,72,67,1.580,656,333,35,54,283,69,61,1.552,528,-,11,3,6,28,71,57
Zentralafrikanische Republik,289,44,43,1,104,1,10,13,4,44,32,25,2,1,10,13,4,44,25,-,-,-,-,-,1,6
Burundi,291,23,23,-,43,8,11,7,-,10,7,26,2,8,10,6,-,10,5,-,1,1,-,-,1,1
sonst. afrik. Staatsangeh.,299,31,26,5,337,-,15,27,23,226,46,28,3,-,15,27,21,218,28,-,-,-,2,8,8,10
Afrika,"",49.197,45.649,3.548,122.740,942,18.944,12.916,7.375,47.744,34.819,19.984,1.584,938,8.710 0,12.810,6.773,46.927,30.451,4,234,106,602,817,1.823,2.545
Argentinien,323,-,-,-,3,-,-,-,1,2,-,-,2,-,-,-,1,1,-,-,-,-,-,1,-,-
Brasilien,327,11,11,-,33,-,-,-,1,29,3,3,-,-,-,-,1,29,3,-,-,-,-,-,-,-
Chile,332,2,2,-,3,-,-,-,-,2,1,-,-,-,-,-,-,2,1,-,-,-,-,-,-,-
Costa Rica,334,1,1,-,2,-,-,-,-,1,1,-,-,-,-,-,-,1,1,-,-,-,-,-,-,-
Dominikanische Republik,335,3,2,1,9,-,-,-,-,5,4,4,-,-,-,-,-,5,3,-,-,-,-,-,1,-
Ecuador,336,-,-,-,1,-,-,-,-,1,-,-,-,-,-,-,-,1,-,-,-,-,-,-,-,-
El Salvador,337,34,34,-,41,-,-,3,1,28,9,13,-,-,-,3,1,28,9,-,-,-,-,-,-,-
Guatemala,345,3,3,-,9,-,1,-,-,7,1,-,-,-,1,-,-,7,1,-,-,-,-,-,-,-
Haiti,346,3,3,-,9,-,-,-,1,7,1,5,-,-,-,-,1,7,1,-,-,-,-,-,-,-
Honduras,347,21,21,-,28,8,-,6,-,10,4,2,-,8,-,5,-,10,3,-,-,1,-,-,1,-
Kanada,348,2,2,-,5,-,-,-,1,4,-,-,-,-,-,-,1,4,-,-,-,-,-,-,-,-
Kolumbien,349,51,50,1,69,1,1,-,1,50,16,45,-,1,1,-,1,49,14,-,-,-,-,1,-,2
Kuba,351,51,44,7,227,-,-,-,2,170,55,9,1,-,-,-,2,169,44,-,-,-,-,1,5,6
Mexico,353,6,6,-,10,-,1,1,-,5,3,1,-,-,1,1,-,5,2,-,-,-,-,-,1,-
Nicaragua,354,1,1,-,3,-,-,-,-,3,-,1,-,-,-,-,-,3,-,-,-,-,-,-,-,-
Jamaica,355,100,98,2,135,11,34,-,-,78,12,7,1,11,33,-,-,78,10,-,1,-,-,-,1,1
Paraguay,359,-,-,-,2,-,-,-,-,2,-,3,-,-,-,-,-,2,-,-,-,-,-,-,-,-
Peru,361,6,6,-,12,1,-,-,-,4,7,2,1,1,-,-,-,4,7,-,-,-,-,-,-,-
Suriname,364,-,-,-,2,-,-,-,2,-,-,-,-,-,-,-,2,-,-,-,-,-,-,-,-,-
Uruguay,365,-,-,-,1,-,-,-,-,-,1,3,-,-,-,-,-,-,1,-,-,-,-,-,-,-
Venezuela,367,194,191,3,209,7,45,3,24,121,9,70,-,7,45,3,24,121,5,-,-,-,-,-,4,-
Vereinigte Staaten v. Amerika,368,20,19,1,26,-,2,2,1,13,8,17,-,-,2,2,1,12,6,-,-,-,-,1,2,-
Trinidad und Tobago,371,1,1,-,2,-,1,-,-,1,-,1,-,-,1,-,-,1,-,-,-,-,-,-,-,-
Amerika,"",510,495,15,841,28,85,15,35,543,135,186,5,28,84,14,35,539,111,-,1,1,-,4,15,9
Ägypten,287,1.015,907,108,2.723,54,294,72,67,1.580,656,333,35,54,283,69,61,1.552,528,-,11,3,6,28,71,57
Zentralafrikanische Republik,289,44,43,1,104,1,10,13,4,44,32,25,2,1,10,13,4,44,25,-,-,-,-,-,1,6
Burundi,291,23,23,-,43,8,11,7,-,10,7,26,2,8,10,6,-,10,5,-,1,1,-,-,1,1
sonst. afrik. Staatsangeh.,299,31,26,5,337,-,15,27,23,226,46,28,3,-,15,27,21,218,28,-,-,-,2,8,8,10
Afrika,"",49.197,45.649,3.548,122.740,942,18.944,12.916,7.375,47.744,34.819,19.984,1.584,938,8.710 0,12.810,6.773,46.927,30.451,4,234,106,602,817,1.823,2.545
Argentinien,323,-,-,-,3,-,-,-,1,2,-,-,2,-,-,-,1,1,-,-,-,-,-,1,-,-
Brasilien,327,11,11,-,33,-,-,-,1,29,3,3,-,-,-,-,1,29,3,-,-,-,-,-,-,-
Chile,332,2,2,-,3,-,-,-,-,2,1,-,-,-,-,-,-,2,1,-,-,-,-,-,-,-
Costa Rica,334,1,1,-,2,-,-,-,-,1,1,-,-,-,-,-,-,1,1,-,-,-,-,-,-,-
Dominikanische Republik,335,3,2,1,9,-,-,-,-,5,4,4,-,-,-,-,-,5,3,-,-,-,-,-,1,-
Ecuador,336,-,-,-,1,-,-,-,-,1,-,-,-,-,-,-,-,1,-,-,-,-,-,-,-,-
El Salvador,337,34,34,-,41,-,-,3,1,28,9,13,-,-,-,3,1,28,9,-,-,-,-,-,-,-
Guatemala,345,3,3,-,9,-,1,-,-,7,1,-,-,-,1,-,-,7,1,-,-,-,-,-,-,-
Haiti,346,3,3,-,9,-,-,-,1,7,1,5,-,-,-,-,1,7,1,-,-,-,-,-,-,-
Honduras,347,21,21,-,28,8,-,6,-,10,4,2,-,8,-,5,-,10,3,-,-,1,-,-,1,-
Kanada,348,2,2,-,5,-,-,-,1,4,-,-,-,-,-,-,1,4,-,-,-,-,-,-,-,-
Kolumbien,349,51,50,1,69,1,1,-,1,50,16,45,-,1,1,-,1,49,14,-,-,-,-,1,-,2
Kuba,351,51,44,7,227,-,-,-,2,170,55,9,1,-,-,-,2,169,44,-,-,-,-,1,5,6
Mexico,353,6,6,-,10,-,1,1,-,5,3,1,-,-,1,1,-,5,2,-,-,-,-,-,1,-
Nicaragua,354,1,1,-,3,-,-,-,-,3,-,1,-,-,-,-,-,3,-,-,-,-,-,-,-,-
Jamaica,355,100,98,2,135,11,34,-,-,78,12,7,1,11,33,-,-,78,10,-,1,-,-,-,1,1
Paraguay,359,-,-,-,2,-,-,-,-,2,-,3,-,-,-,-,-,2,-,-,-,-,-,-,-,-
Peru,361,6,6,-,12,1,-,-,-,4,7,2,1,1,-,-,-,4,7,-,-,-,-,-,-,-
Suriname,364,-,-,-,2,-,-,-,2,-,-,-,-,-,-,-,2,-,-,-,-,-,-,-,-,-
Uruguay,365,-,-,-,1,-,-,-,-,-,1,3,-,-,-,-,-,-,1,-,-,-,-,-,-,-
Venezuela,367,194,191,3,209,7,45,3,24,121,9,70,-,7,45,3,24,121,5,-,-,-,-,-,4,-
Vereinigte Staaten v. Amerika,368,20,19,1,26,-,2,2,1,13,8,17,-,-,2,2,1,12,6,-,-,-,-,1,2,-
Trinidad und Tobago,371,1,1,-,2,-,1,-,-,1,-,1,-,-,1,-,-,1,-,-,-,-,-,-,-,-
Amerika,"",510,495,15,841,28,85,15,35,543,135,186,5,28,84,14,35,539,111,-,1,1,-,4,15,9
China (Hongkong),411,3,3,-,1,-,-,-,-,-,1,3,-,-,-,-,-,-,1,-,-,-,-,-,-,-
Jemen,421,517,510,7,1.022,33,133,674,11,13,158,242,10,33,133,653,6,12,146,-,-,21,5,1,3,9
Armenien,422,3.578,3.254,324,9.523,11,170,181,438,6.824,1.899,1.296,173,11,166,172,416,6.617,1.506,-,4,9,22,207,216,177
Afghanistan,423,17.206,15.521,1.685,112.109,100,17.382,6.735,25.579,55.050,7.263,9.376,528,99,17.180,6.664,25.102,54.676,5.694,1,202,71,477,374,938,631
Bahrain,424,14,14,-,27,4,10,4,-,6,3,8,-,4,10,4,-,6,3,-,-,-,-,-,-,-
Aserbaidschan,425,3.220,2.875,345,6.896,62,522,173,163,4.140,1.836,1.266,140,61,506,172,144,3.958,1.515,1,16,1,19,182,243,78
Bhutan,426,1,1,-,4,-,-,-,-,3,1,4,3,-,-,-,-,3,1,-,-,-,-,-,-,-
Myanmar,427,102,98,4,255,3,128,33,6,46,39,52,2,3,125,33,4,46,36,-,3,-,2,-,1,2
Georgien,430,2.930,2.587,343,5.905,3,14,27,76,3.957,1.828,858,83,3,13,24,69,3.790,1.272,-,1,3,7,167,312,244
Sri Lanka,431,527,461,66,1.286,6,124,15,30,743,368,474,84,6,122,15,29,724,208,-,2,-,1,19,119,41
Vietnam,432,550,494,56,907,1,14,1,15,610,266,62,19,1,14,1,13,583,213,-,-,-,2,27,34,19
Korea (Demokrat. Volksrepubl.),434,12,12,-,79,-,2,-,-,37,40,46,1,-,2,-,-,36,39,-,-,-,-,1,1,-
Indien,436,1.349,1.249,100,3.620,1,38,14,39,2.685,843,277,28,1,37,12,39,2.656,722,-,1,2,-,29,90,31
Indonesien,437,8,8,-,12,-,-,-,-,8,4,6,-,-,-,-,-,8,4,-,-,-,-,-,-,-
Irak,438,21.861,20.327,1.534,69.487,327,23.618,13.749,1.579,21.517,8.697,6.662,508,324,23.316,13.494,1.411,21.126,7.240,3,302,255,168,391,676,781
"Iran, Islamische Republik",439,8.642,8.127,515,29.432,526,13.212,633,325,10.868,3.868,3.399,216,520,12.974,628,265,10.673,3.419,6,238,5,60,195,292,157
Israel,441,7,6,1,39,-,-,4,-,24,11,15,2,-,-,4,-,24,6,-,-,-,-,-,-,5
Japan,442,-,-,-,1,-,-,-,-,-,1,-,-,-,-,-,-,-,-,-,-,-,-,-,1,-
Kasachstan,444,136,81,55,286,-,8,-,3,164,111,16,3,-,7,-,3,148,43,-,1,-,-,16,36,32
Jordanien,445,217,199,18,487,4,42,61,20,241,119,89,14,4,40,58,20,228,99,-,2,3,-,13,9,11
Kambodscha,446,11,10,1,20,-,1,-,4,12,3,9,-,-,1,-,4,11,3,-,-,-,-,1,-,-
Katar,447,1,1,-,-,-,-,-,-,-,-,1,-,-,-,-,-,-,-,-,-,-,-,-,-,-
Kuwait,448,32,30,2,51,-,3,2,-,17,29,9,1,-,3,2,-,17,25,-,-,-,-,-,-,4
"Laos, Demokratische Volksrepublik",449,-,-,-,-,-,-,-,-,-,-,1,-,-,-,-,-,-,-,-,-,-,-,-,-,-
Kirgisistan,450,111,96,15,212,7,15,6,11,103,70,107,18,7,11,4,11,100,65,-,4,2,-,3,3,2
Libanon,451,1.262,1.106,156,4.287,2,143,247,86,3.038,771,432,64,2,134,244,81,2.879,638,-,9,3,5,159,89,44
Oman,456,8,8,-,12,1,3,1,1,6,-,-,-,1,3,1,1,6,-,-,-,-,-,-,-,-
Mongolei,457,347,299,48,1.263,-,3,37,34,784,405,131,18,-,3,35,34,770,303,-,-,2,-,14,38,64
Nepal,458,38,35,3,125,1,2,-,2,93,27,57,4,1,2,-,1,91,24,-,-,-,1,2,2,1
China (Hongkong),411,3,3,-,1,-,-,-,-,-,1,3,-,-,-,-,-,-,1,-,-,-,-,-,-,-
Jemen,421,517,510,7,1.022,33,133,674,11,13,158,242,10,33,133,653,6,12,146,-,-,21,5,1,3,9
Armenien,422,3.578,3.254,324,9.523,11,170,181,438,6.824,1.899,1.296,173,11,166,172,416,6.617,1.506,-,4,9,22,207,216,177
Afghanistan,423,17.206,15.521,1.685,112.109,100,17.382,6.735,25.579,55.050,7.263,9.376,528,99,17.180,6.664,25.102,54.676,5.694,1,202,71,477,374,938,631
Bahrain,424,14,14,-,27,4,10,4,-,6,3,8,-,4,10,4,-,6,3,-,-,-,-,-,-,-
Aserbaidschan,425,3.220,2.875,345,6.896,62,522,173,163,4.140,1.836,1.266,140,61,506,172,144,3.958,1.515,1,16,1,19,182,243,78
Bhutan,426,1,1,-,4,-,-,-,-,3,1,4,3,-,-,-,-,3,1,-,-,-,-,-,-,-
Myanmar,427,102,98,4,255,3,128,33,6,46,39,52,2,3,125,33,4,46,36,-,3,-,2,-,1,2
Georgien,430,2.930,2.587,343,5.905,3,14,27,76,3.957,1.828,858,83,3,13,24,69,3.790,1.272,-,1,3,7,167,312,244
Sri Lanka,431,527,461,66,1.286,6,124,15,30,743,368,474,84,6,122,15,29,724,208,-,2,-,1,19,119,41
Vietnam,432,550,494,56,907,1,14,1,15,610,266,62,19,1,14,1,13,583,213,-,-,-,2,27,34,19
Korea (Demokrat. Volksrepubl.),434,12,12,-,79,-,2,-,-,37,40,46,1,-,2,-,-,36,39,-,-,-,-,1,1,-
Indien,436,1.349,1.249,100,3.620,1,38,14,39,2.685,843,277,28,1,37,12,39,2.656,722,-,1,2,-,29,90,31
Indonesien,437,8,8,-,12,-,-,-,-,8,4,6,-,-,-,-,-,8,4,-,-,-,-,-,-,-
Irak,438,21.861,20.327,1.534,69.487,327,23.618,13.749,1.579,21.517,8.697,6.662,508,324,23.316,13.494,1.411,21.126,7.240,3,302,255,168,391,676,781
"Iran, Islamische Republik",439,8.642,8.127,515,29.432,526,13.212,633,325,10.868,3.868,3.399,216,520,12.974,628,265,10.673,3.419,6,238,5,60,195,292,157
Israel,441,7,6,1,39,-,-,4,-,24,11,15,2,-,-,4,-,24,6,-,-,-,-,-,-,5
Japan,442,-,-,-,1,-,-,-,-,-,1,-,-,-,-,-,-,-,-,-,-,-,-,-,1,-
Kasachstan,444,136,81,55,286,-,8,-,3,164,111,16,3,-,7,-,3,148,43,-,1,-,-,16,36,32
Jordanien,445,217,199,18,487,4,42,61,20,241,119,89,14,4,40,58,20,228,99,-,2,3,-,13,9,11
Kambodscha,446,11,10,1,20,-,1,-,4,12,3,9,-,-,1,-,4,11,3,-,-,-,-,1,-,-
Katar,447,1,1,-,-,-,-,-,-,-,-,1,-,-,-,-,-,-,-,-,-,-,-,-,-,-
Kuwait,448,32,30,2,51,-,3,2,-,17,29,9,1,-,3,2,-,17,25,-,-,-,-,-,-,4
"Laos, Demokratische Volksrepublik",449,-,-,-,-,-,-,-,-,-,-,1,-,-,-,-,-,-,-,-,-,-,-,-,-,-
Kirgisistan,450,111,96,15,212,7,15,6,11,103,70,107,18,7,11,4,11,100,65,-,4,2,-,3,3,2
Libanon,451,1.262,1.106,156,4.287,2,143,247,86,3.038,771,432,64,2,134,244,81,2.879,638,-,9,3,5,159,89,44
Oman,456,8,8,-,12,1,3,1,1,6,-,-,-,1,3,1,1,6,-,-,-,-,-,-,-,-
Mongolei,457,347,299,48,1.263,-,3,37,34,784,405,131,18,-,3,35,34,770,303,-,-,2,-,14,38,64
Nepal,458,38,35,3,125,1,2,-,2,93,27,57,4,1,2,-,1,91,24,-,-,-,1,2,2,1
Staatsangehörigkeit ohne Bezeichnung,459,118,111,7,373,4,59,53,21,197,39,108,3,4,58,53,21,196,31,-,1,-,-,1,2,6
Bangladesch,460,515,410,105,3.136,10,210,26,63,2.166,661,272,47,10,206,26,57,2.142,524,-,4,-,6,24,114,23
Pakistan,461,4.153,3.511,642,19.915,30,448,93,280,14.552,4.512,1.132,208,30,436,91,258,14.262,3.534,-,12,2,22,290,542,436
Philippinen,462,24,24,-,33,-,2,5,-,19,7,27,-,-,2,5,-,19,6,-,-,-,-,-,-,1
China (Taiwan),465,3,3,-,7,-,-,-,-,5,2,3,1,-,-,-,-,5,2,-,-,-,-,-,-,-
Korea (Republik),467,3,3,-,20,-,1,-,-,7,12,8,-,-,1,-,-,7,12,-,-,-,-,-,-,-
Vereinigte arabische Emirate,469,4,4,-,12,1,5,1,-,4,1,1,-,1,5,1,-,4,1,-,-,-,-,-,-,-
Tadschikistan,470,1.166,1.106,60,2.604,5,257,85,51,1.324,882,502,28,5,256,84,46,1.307,822,-,1,1,5,17,25,35
Turkmenistan,471,109,94,15,240,-,5,7,8,147,73,70,8,-,4,7,8,143,68,-,1,-,-,4,3,2
Saudi Arabien,472,68,68,-,62,21,9,3,-,16,13,27,-,21,9,3,-,16,13,-,-,-,-,-,-,-
"Syrien, Arabische Republik",475,46.759,45.427,1.332,95.642,695,32.773,53.798,498,130,7.748,11.872,425,695,32.161,52.976,394,104,6.844,-,612,822,104,26,606,298
Thailand,476,6,6,-,9,-,-,-,1,3,5,2,-,-,-,-,1,3,5,-,-,-,-,-,-,-
Usbekistan,477,53,53,-,97,4,13,-,12,43,25,67,1,4,11,-,12,43,22,-,2,-,-,-,-,3
China,479,566,497,69,1.891,65,129,25,18,1.112,542,167,21,65,123,24,16,1.090,477,-,6,1,2,22,47,18
Malaysia,482,17,17,-,17,1,3,-,-,11,2,7,-,1,3,-,-,11,2,-,-,-,-,-,-,-
sonst. asiat. Staatsangeh.,499,142,114,28,1.671,2,331,540,21,591,186,168,13,2,325,520,19,581,113,-,6,20,2,10,40,33
Asien,"",116.396,108.860,7.536,373.077,1.930,89.832,77.233,29.395,131.316,43.371,39.331,2.674,1.919,88.402,76.010,28.485,129.121,35.701,11,1.430,1.223,910,2.195,4.482,3.188
Australien,523,-,-,-,2,-,-,-,-,1,1,-,-,-,-,-,-,1,1,-,-,-,-,-,-,-
Australien,"",-,-,-,2,-,-,-,-,1,1,-,-,-,-,-,-,1,1,-,-,-,-,-,-,-
Staatenlos,997,1.381,1.318,63,3.634,30,1.303,1.101,71,695,434,546,29,30,1.278,1.088,69,687,370,-,25,13,2,8,32,32
Ungeklärt,998,4.160,3.828,332,10.699,59,2.459,2.659,369,3.025,2.128,2.456,159,59,2.422,2.627,348,2.945,1.764,-,37,32,21,80,223,141
ohne Angabe,999,42,40,2,78,-,15,4,3,36,20,26,-,-,15,4,3,32,16,-,-,-,-,4,1,3
Unbekannt,"",5.583,5.186,397,14.411,89,3.777,3.764,443,3.756,2.582,3.028,188,89,3.715,3.719,420,3.664,2.150,-,62,45,23,92,256,176
Herkunftsländer gesamt,"",207.157,184.796,22.361,578.995,4.066,115.415,94.621,38.129,223.108,103.656,69.761,5.899,4.048,113.587,93.163,36.427,216.959,78.203,18,1.828,1.458,1.702,6.149,16.657,8.796
Staatsangehörigkeit ohne Bezeichnung,459,118,111,7,373,4,59,53,21,197,39,108,3,4,58,53,21,196,31,-,1,-,-,1,2,6
Bangladesch,460,515,410,105,3.136,10,210,26,63,2.166,661,272,47,10,206,26,57,2.142,524,-,4,-,6,24,114,23
Pakistan,461,4.153,3.511,642,19.915,30,448,93,280,14.552,4.512,1.132,208,30,436,91,258,14.262,3.534,-,12,2,22,290,542,436
Philippinen,462,24,24,-,33,-,2,5,-,19,7,27,-,-,2,5,-,19,6,-,-,-,-,-,-,1
China (Taiwan),465,3,3,-,7,-,-,-,-,5,2,3,1,-,-,-,-,5,2,-,-,-,-,-,-,-
Korea (Republik),467,3,3,-,20,-,1,-,-,7,12,8,-,-,1,-,-,7,12,-,-,-,-,-,-,-
Vereinigte arabische Emirate,469,4,4,-,12,1,5,1,-,4,1,1,-,1,5,1,-,4,1,-,-,-,-,-,-,-
Tadschikistan,470,1.166,1.106,60,2.604,5,257,85,51,1.324,882,502,28,5,256,84,46,1.307,822,-,1,1,5,17,25,35
Turkmenistan,471,109,94,15,240,-,5,7,8,147,73,70,8,-,4,7,8,143,68,-,1,-,-,4,3,2
Saudi Arabien,472,68,68,-,62,21,9,3,-,16,13,27,-,21,9,3,-,16,13,-,-,-,-,-,-,-
"Syrien, Arabische Republik",475,46.759,45.427,1.332,95.642,695,32.773,53.798,498,130,7.748,11.872,425,695,32.161,52.976,394,104,6.844,-,612,822,104,26,606,298
Thailand,476,6,6,-,9,-,-,-,1,3,5,2,-,-,-,-,1,3,5,-,-,-,-,-,-,-
Usbekistan,477,53,53,-,97,4,13,-,12,43,25,67,1,4,11,-,12,43,22,-,2,-,-,-,-,3
China,479,566,497,69,1.891,65,129,25,18,1.112,542,167,21,65,123,24,16,1.090,477,-,6,1,2,22,47,18
Malaysia,482,17,17,-,17,1,3,-,-,11,2,7,-,1,3,-,-,11,2,-,-,-,-,-,-,-
sonst. asiat. Staatsangeh.,499,142,114,28,1.671,2,331,540,21,591,186,168,13,2,325,520,19,581,113,-,6,20,2,10,40,33
Asien,"",116.396,108.860,7.536,373.077,1.930,89.832,77.233,29.395,131.316,43.371,39.331,2.674,1.919,88.402,76.010,28.485,129.121,35.701,11,1.430,1.223,910,2.195,4.482,3.188
Australien,523,-,-,-,2,-,-,-,-,1,1,-,-,-,-,-,-,1,1,-,-,-,-,-,-,-
Australien,"",-,-,-,2,-,-,-,-,1,1,-,-,-,-,-,-,1,1,-,-,-,-,-,-,-
Staatenlos,997,1.381,1.318,63,3.634,30,1.303,1.101,71,695,434,546,29,30,1.278,1.088,69,687,370,-,25,13,2,8,32,32
Ungeklärt,998,4.160,3.828,332,10.699,59,2.459,2.659,369,3.025,2.128,2.456,159,59,2.422,2.627,348,2.945,1.764,-,37,32,21,80,223,141
ohne Angabe,999,42,40,2,78,-,15,4,3,36,20,26,-,-,15,4,3,32,16,-,-,-,-,4,1,3
Unbekannt,"",5.583,5.186,397,14.411,89,3.777,3.764,443,3.756,2.582,3.028,188,89,3.715,3.719,420,3.664,2.150,-,62,45,23,92,256,176
Herkunftsländer gesamt,"",207.157,184.796,22.361,578.995,4.066,115.415,94.621,38.129,223.108,103.656,69.761,5.899,4.048,113.587,93.163,36.427,216.959,78.203,18,1.828,1.458,1.702,6.149,16.657,8.796
